BEGIN TRANSACTION;

CREATE TABLE IF NOT EXISTS "leoforio" (
	"kod_leof"	int NOT NULL,
	"typos_mixanis"	varchar(15) DEFAULT NULL,
	"xvritikotita"	int NOT NULL,
	"ektopisma"	real DEFAULT 0,
	"modelo"	varchar(10) DEFAULT NULL,
	"KTEO"	varchar(7) NOT NULL,
	"adeia"	varchar(8) NOT NULL,
	"karta_kays"	varchar(18) NOT NULL,
	PRIMARY KEY("kod_leof")
);

CREATE TABLE IF NOT EXISTS "odigos" (
	"AFM"	int NOT NULL,
	"onoma"	varchar(50) NOT NULL,
	"misthos"	real DEFAULT 0,
	"diploma_odigisis"	varchar(4),
	"vra_enarxis_bardias"	time DEFAULT NULL,
	"vra_lixis_bardias"	time DEFAULT NULL,
	"kod_leof_odig"	int NOT NULL,
	FOREIGN KEY("kod_leof_odig") REFERENCES "leoforio"("kod_leof") ON UPDATE CASCADE ON DELETE SET NULL,
	PRIMARY KEY("AFM")
);

CREATE TABLE IF NOT EXISTS "stasi" (
	"onoma_stasis"	varchar(50) NOT NULL,
	"perioxh"	varchar(20),
	"xcord_stashs"	real NOT NULL,
	"ycord_stashs"	real NOT NULL,
	PRIMARY KEY("onoma_stasis")
);

CREATE TABLE IF NOT EXISTS "akoloythei" (
	"xronos_epomenis_stasis"	int,
	"onoma_torinis_stasis"	varchar(50) NOT NULL,
	"onoma_epomenis_stasis"	varchar(50) NOT NULL,
	PRIMARY KEY("onoma_torinis_stasis","onoma_epomenis_stasis"),
	FOREIGN KEY("onoma_torinis_stasis") REFERENCES "stasi"("onoma_stasis") ON UPDATE CASCADE ON DELETE CASCADE,
	FOREIGN KEY("onoma_epomenis_stasis") REFERENCES "stasi"("onoma_stasis") ON UPDATE CASCADE ON DELETE CASCADE
);

CREATE TABLE IF NOT EXISTS "dromologio" (
	"grammi"	varchar(1) NOT NULL,
	"kodikos_dromologiou"	varchar(3) NOT NULL,
	"leoforio_ektelesis"	int NOT NULL,
	PRIMARY KEY("kodikos_dromologiou"),
	FOREIGN KEY("leoforio_ektelesis") REFERENCES "leoforio"("kod_leof") ON UPDATE CASCADE ON DELETE SET NULL
);

CREATE TABLE IF NOT EXISTS "pragmatiko_dromologio" (
	"kod_prag_dromologiou"	varchar(3) NOT NULL,
	"pragm_xronos_enarksis"	datetime,
	"pragm_xronos_liksis"	datetime,
	"x_coords"	real NOT NULL,
	"y_coords"	real NOT NULL,
	PRIMARY KEY("kod_prag_dromologiou"),
	FOREIGN KEY("kod_prag_dromologiou") REFERENCES "dromologio"("kodikos_dromologiou") ON UPDATE CASCADE ON DELETE CASCADE
);

CREATE TABLE IF NOT EXISTS "programmatismeno_dromologio" (
	"kod_prog_dromologiou"	varchar(3) NOT NULL,
	"xronos_enarksis"	datetime NOT NULL,
	"xronos_liksis"	datetime NOT NULL,
	PRIMARY KEY("kod_prog_dromologiou"),
	FOREIGN KEY("kod_prog_dromologiou") REFERENCES "dromologio"("kodikos_dromologiou") ON UPDATE CASCADE ON DELETE CASCADE
);

CREATE TABLE IF NOT EXISTS "apoteleitai" (
	"kod_dromologiou"	varchar(3) NOT NULL,
	"onoma_stasis"	varchar(50) NOT NULL,
	FOREIGN KEY("kod_dromologiou") REFERENCES "dromologio"("kodikos_dromologiou") ON UPDATE CASCADE ON DELETE CASCADE,
	FOREIGN KEY("onoma_stasis") REFERENCES "stasi"("onoma_stasis") ON UPDATE CASCADE ON DELETE CASCADE,
	PRIMARY KEY("kod_dromologiou","onoma_stasis")
);

CREATE TABLE IF NOT EXISTS "anamenetai" (
	"programmatismenh_wra"	datetime NOT NULL,
	"kod_leof"	int NOT NULL,
	"onoma_stasis"	varchar(30) NOT NULL,
	"epistrofi" int NOT NULL,
	FOREIGN KEY("onoma_stasis") REFERENCES "stasi"("onoma_stasis") ON UPDATE CASCADE ON DELETE CASCADE,
	FOREIGN KEY("kod_leof") REFERENCES "leoforio"("kod_leof") ON UPDATE CASCADE ON DELETE CASCADE,
	PRIMARY KEY("kod_leof","onoma_stasis","programmatismenh_wra")
);

CREATE TABLE IF NOT EXISTS "stamataei" (
	"kod_leof"	int NOT NULL,
	"onoma_stasis"	varchar(50) NOT NULL,
	"epistrofi"	int NOT NULL,
	"wra_afiksis"	datetime NOT NULL,
	"wra_anaxorisis"	datetime NOT NULL,
	PRIMARY KEY("kod_leof","onoma_stasis","epistrofi"),
	FOREIGN KEY("onoma_stasis") REFERENCES "stasi"("onoma_stasis") ON UPDATE CASCADE ON DELETE SET NULL,
	FOREIGN KEY("kod_leof") REFERENCES "leoforio"("kod_leof") ON UPDATE CASCADE ON DELETE SET NULL
);

INSERT INTO leoforio VALUES (1,'DIESEL',50,6000,'TOYOTA','ΚΤΕΟ_1','ΑΔΕΙΑ1','ΚΑΡΤΑΚΑΥΣΑΕΡΙΩΝ_1'),(2,'ΑΕΡΙΟ',50,65000,'MERCENTES','ΚΤΕΟ_2','ΑΔΕΙΑ2','ΚΑΡΤΑΚΑΥΣΑΕΡΙΩΝ_2'),
(3,'ΒΕΝΖΙΝΟΚΙΝΗΤΟ',60,7000,'LADA','ΚΤΕΟ_3','ΑΔΕΙΑ3','ΚΑΡΤΑΚΑΥΣΑΕΡΙΩΝ_3'),(4,'DIESEL',50,6000,'TOYOTA','ΚΤΕΟ_4','ΑΔΕΙΑ4','ΚΑΡΤΑΚΑΥΣΑΕΡΙΩΝ_4'),
(5,'ΑΕΡΙΟ',50,65000,'MERCENTES','ΚΤΕΟ_5','ΑΔΕΙΑ5','ΚΑΡΤΑΚΑΥΣΑΕΡΙΩΝ_5'),(6,'ΒΕΝΖΙΝΟΚΙΝΗΤΟ',60,7000,'LADA','ΚΤΕΟ_6','ΑΔΕΙΑ6','ΚΑΡΤΑΚΑΥΣΑΕΡΙΩΝ_6'),
(7,'DIESEL',50,6000,'TOYOTA','ΚΤΕΟ_7','ΑΔΕΙΑ7','ΚΑΡΤΑΚΑΥΣΑΕΡΙΩΝ_7'),(8,'ΑΕΡΙΟ',50,65000,'MERCENTES','ΚΤΕΟ_8','ΑΔΕΙΑ8','ΚΑΡΤΑΚΑΥΣΑΕΡΙΩΝ_8'),
(9,'ΒΕΝΖΙΝΟΚΙΝΗΤΟ',60,7000,'LADA','ΚΤΕΟ_9','ΑΔΕΙΑ9','ΚΑΡΤΑΚΑΥΣΑΕΡΙΩΝ_9'),(10,'ΒΕΝΖΙΝΟΚΙΝΗΤΟ',60,7000,'LADA','ΚΤΕΟ_10','ΑΔΕΙΑ10','ΚΑΡΤΑΚΑΥΣΑΕΡΙΩΝ_10'),
(11,'ΑΕΡΙΟ',50,65000,'MERCENTES','ΚΤΕΟ_11','ΑΔΕΙΑ11','ΚΑΡΤΑΚΑΥΣΑΕΡΙΩΝ_11'),(12,'DIESEL',50,6000,'TOYOTA','ΚΤΕΟ_12','ΑΔΕΙΑ_12','ΚΑΡΤΑΚΑΥΣΑΕΡΙΩΝ_12');

INSERT INTO odigos VALUES (12345,'ΓΙΩΡΓΟΣ ΑΝΤΩΝΙΟΥ',1050,"DO10","07:00:00","15:00:00",1),(12344,'ΓΙAΝΝΗΣ ΕΥΣΤΑΘΙΟΥ',1200,"DO11","15:00:00","23:00:00",1),
(12347,'ΑΛΕΞΑΝΔΡΟΣ ΛΙΟΠΕΤΑΣ',1200,"DO12","07:00:00","15:00:00",2),(12346,'ΧΡΗΣΤΟΣ ΤΖΑΝΗΣ',1200,"DO13","15:00:00","23:00:00",2),
(12348,'ΚΩΝΣΤΑΝΤΙΝΟΣ ΣΚΛΗΡΟΣ',1200,"DO14","07:00:00","15:00:00",3),(12349,'ΙΩΑΝΝΗΣ ΦΛΩΡΟΣ',1100,"DO15","15:00:00","23:00:00",3),
(12350,'ΣΤΑΜΑΤΗΣ ΣΤΑΜΑΤΙΟΥ',1140,"DO16","07:00:00","15:00:00",4),(12351,'ΚΩΝΣΤΑΝΤΙΝΟΣ ΒΕΝΕΤΗΣ',1200,"DO17","15:00:00","23:00:00",4),
(12352,'ΔΗΜΗΤΡΗΣ ΣΤΑΜΑΤΕΛΛΟΠΟΥΛΟΣ',1000,"DO18","07:00:00","15:00:00",5),(12353,'ΑΝΑΣΤΑΣΗΣ ΠΑΠΑΔΟΠΟΥΛΟΣ',1150,"DO19","15:00:00","23:00:00",5),
(12354,'ΒΑΣΙΛΗΣ ΠΑΠΑΓΕΩΡΓΙΟΥ',1120,"DO20","07:00:00","15:00:00",6),(12355,'ΙΩΑΝΝΗΣ ΠΟΛΙΤΗΣ',1030,"DO21","15:00:00","23:00:00",6),
(12356,'ΑΛΕΞΑΝΔΡΟΣ ΒΑΣΙΛΕΙΟΥ',1220,"DO22","07:00:00","15:00:00",7),(12357,'ΧΡΙΣΤΟΦΟΡΟΣ ΚΑΣΛΑΣ',1100,"DO23","15:00:00","23:00:00",7),
(12358,'ΓΕΩΡΓΙΟΣ ΛΑΜΠΡΙΝΑΚΗΣ',1100,"DO24","07:00:00","15:00:00",8),(12359,'ΕΥΘΥΜΙΟΣ ΕΥΘΥΜΙΟΥ',1090,"DO25","15:00:00","23:00:00",8),
(12360,'ΧΡΗΣΤΟΣ ΚΟΜΝΗΝΟΣ',1190,"DO26","07:00:00","15:00:00",9),(12361,'ΕΥΑΓΓΕΛΟΣ ΓΕΩΡΓΙΟΥ',1120,"DO27","15:00:00","23:00:00",9),
(12362,'ΝΙΚΟΛΑΟΣ ΤΑΣΙΟΠΟΥΛΟΣ',1010,"DO28","07:00:00","15:00:00",10),(12363,'ΝΙΚΗΦΟΡΟΣ ΚΩΣΤΑΝΤΙΝΙΔΗΣ',1200,"DO29","15:00:00","23:00:00",10);

INSERT INTO stasi VALUES ('ΑΝΑΤΟΛΙΚΗ ΠΤΕΡΥΓΑ ΛΙΜΑΝΙΟΥ','ΛΙΜΑΝΙ',38.921,72.653),('ΣΟΛΩΝΟΣ','ΛΙΜΑΝΙ',38.931,72.649),('ΓΕΝΙΚΗ ΑΣΤΥΝΟΜΙΚΗ ΔΙΕΥΘΥΝΣΗ','ΚΕΝΤΡΟ',39.002,72.651),
('ΚΕΝΤΡΟ','ΚΕΝΤΡΟ',39.125,72.593),('ΓΕΝΙΚΟ ΝΟΣΟΚΟΜΕΙΟ','ΠΡΟΑΣΤΙΑ',39.210,72.577),('ΤΑΤΟΙΟΥ','ΠΡΟΑΣΤΙΑ',39.25,72.573),('ΠΟΛΥΤΕΧΝΕΙΟΥΠΟΛΗ','ΠΑΝΕΠΙΣΤΗΜΙΟ',39.307,72.577),
('ΑΓΙΟΥ ΝΙΚΟΛΑΟΥ','ΛΙΜΑΝΙ',38.910,72.588),('ΔΙΚΑΣΤΗΡΙΑ','ΛΙΜΑΝΙ',38.991,72.590),('ΑΘΗΝΩΝ','ΚΕΝΤΡΟ',39.130,72.594),
('ΜΥΚΑΛΗΣ','ΠΡΟΑΣΤΙΑ',39.194,72.692),('ΠΟΛΙΤΙΣΤΙΚΟ ΚΕΝΤΡΟ','ΠΡΟΑΣΤΙΑ',39.226,72.690),('ΠΡΥΤΑΝΕΙΑ','ΠΑΝΕΠΙΣΤΗΜΙΟ',39.271,72.691),('ΙΑΤΡΙΚΗ','ΠΑΝΕΠΙΣΤΗΜΙΟ',39.285,72.621),
('ΔΥΤΙΚΗ ΠΤΕΡΥΓΑ ΛΙΜΑΝΙΟΥ','ΛΙΜΑΝΙ',38.933,72.202),('ΝΑΥΤΕΜΠΟΡΙΚΗ','ΛΙΜΑΝΙ',39.061,72.193),('ΕΡΓΑΤΙΚΕΣ ΚΑΤΟΙΚΙΕΣ','ΚΕΝΤΡΟ',39.105,72.331),('ΔΙΟΝΥΣΙΟΥ ΣΟΛΩΜΟΥ','ΚΕΝΤΡΟ',39.137,72.688),
('ΜΗΧΑΝΟΣΤΑΣΙΟ','ΕΚΤΟΣ ΠΟΛΗΣ',38.9,72.0);

INSERT INTO dromologio VALUES('A', 'A1', 1),('A', 'A2', 2),('A', 'A3', 3),('A', 'A4', 1), ('A', 'A5', 2),('A', 'A6', 3),
('B', 'B1', 4),('B', 'B2', 5),('B', 'B3', 6),('B', 'B4', 7),('B', 'B5', 4),('B', 'B6', 5),('B', 'B7', 6),('B', 'B8', 7),
('C', 'C1', 8),('C', 'C2', 9),('C', 'C3', 10),('C', 'C4', 8),('C', 'C5', 9),('C', 'C6', 10);

INSERT INTO programmatismeno_dromologio VALUES ('A1','2023-01-10 07:00:00','2023-01-10 07:52:00'), ('A2','2023-01-10 09:00:00','2023-01-10 09:52:00'),('A3','2023-01-10 11:00:00','2023-01-10 11:52:00'),('A4','2023-01-10 15:00:00','2023-01-10 15:52:00'), ('A5','2023-01-10 17:00:00','2023-01-10 17:52:00'),('A6','2023-01-10 19:00:00','2023-01-10 19:52:00'),
('B1','2023-01-10 07:00:00','2023-01-10 07:50:00'), ('B2','2023-01-10 08:00:00','2023-01-10 08:50:00'),('B3','2023-01-10 09:00:00','2023-01-10 09:50:00'),('B4','2023-01-10 10:00:00','2023-01-10 10:50:00'), ('B5','2023-01-10 11:00:00','2023-01-10 11:50:00'),('B6','2023-01-10 07:00:00','2023-01-10 07:50:00'),
('C1','2023-01-10 07:00:00','2023-01-10 07:48:00'), ('C2','2023-01-10 10:00:00','2023-01-10 10:48:00'),('C3','2023-01-10 13:00:00','2023-01-10 13:48:00'),('C4','2023-01-10 16:00:00','2023-01-10 16:48:00'), ('C5','2023-01-10 19:00:00','2023-01-10 19:48:00'),('C6','2023-01-10 22:00:00','2023-01-10 22:48:00');

INSERT INTO pragmatiko_dromologio VALUES ('A1','2023-01-10 07:04:03','2023-01-10 07:58:12',38.9,72.0),('A2','2023-01-10 09:00:02','2023-01-10 09:58:10',38.9,72.0),('A3','2023-01-10 11:01:04','2023-01-10 11:52:02',38.9,72.0),('A4','2023-01-10 15:01:47',NULL,39.12,72.68),('A5',NULL,NULL,38.9,72.0),('A6',NULL,NULL,38.9,72.0),
('B1','2023-01-10 06:58:22','2023-01-10 07:49:09',38.9,72.0),('B2','2023-01-10 08:00:00','2023-01-10 08:50:16',38.9,72.0),('B3','2023-01-10 09:03:42','2023-01-10 09:53:31',38.9,72.0),('B4','2023-01-10 10:01:05','2023-01-10 10:57:00',38.9,72.0),('B5','2023-01-10 11:00:55','2023-01-10 11:49:40',38.9,72.0),('B6','2023-01-10 12:02:27','2023-01-10 12:50:39',38.9,72.0),('B7','2023-01-10 13:00:52','2023-01-10 13:52:29',38.9,72.0),('B8','2023-01-10 14:09:20','2023-01-10 14:51:01',38.9,72.0),
('C1','2023-01-10 07:00:00','2023-01-10 07:48:04',38.9,72.0),('C2','2023-01-10 10:05:27','2023-01-10 10:50:11',38.9,72.0),('C3','2023-01-10 13:01:09','2023-01-10 13:50:55',38.9,72.0),('C4',NULL,NULL,38.9,72.0),('C5',NULL,NULL,38.9,72.0),('C6',NULL,NULL,38.9,72.0);

INSERT INTO stamataei VALUES (1,'ΑΝΑΤΟΛΙΚΗ ΠΤΕΡΥΓΑ ΛΙΜΑΝΙΟΥ',0,'2023-01-10 07:04:00','2023-01-10 07:04:35'),
(1,'ΣΟΛΩΝΟΣ',0,'2023-01-10 07:09:02','2023-01-10 07:09:37'),
(1,'ΓΕΝΙΚΗ ΑΣΤΥΝΟΜΙΚΗ ΔΙΕΥΘΥΝΣΗ',0,'2023-01-10 07:15:12','2023-01-10 07:15:41'),
(1,'ΚΕΝΤΡΟ',0,'2023-01-10 07:19:20','2023-01-10 07:20:02'),
(1,'ΓΕΝΙΚΟ ΝΟΣΟΚΟΜΕΙΟ',0,'2023-01-10 07:22:03','2023-01-10 07:22:26'),
(1,'ΤΑΤΟΙΟΥ',0,'2023-01-10 07:26:23','2023-01-10 07:27:00'),
(1,'ΠΟΛΥΤΕΧΝΕΙΟΥΠΟΛΗ',0,'2023-01-10 07:30:00','2023-01-10 07:30:44'),
(1,'ΤΑΤΟΙΟΥ',1,'2023-01-10 07:33:53','2023-01-10 07:34:12'),
(1,'ΓΕΝΙΚΟ ΝΟΣΟΚΟΜΕΙΟ',1,'2023-01-10 07:37:11','2023-01-10 07:37:30'),
(1,'ΚΕΝΤΡΟ',1,'2023-01-10 07:40:30','2023-01-10 07:41:33'),
(1,'ΓΕΝΙΚΗ ΑΣΤΥΝΟΜΙΚΗ ΔΙΕΥΘΥΝΣΗ',1,'2023-01-10 07:47:02','2023-01-10 07:47:31'),
(1,'ΣΟΛΩΝΟΣ',1,'2023-01-10 07:52:17','2023-01-10 07:52:55'),
(1,'ΑΝΑΤΟΛΙΚΗ ΠΤΕΡΥΓΑ ΛΙΜΑΝΙΟΥ',1,'2023-01-10 07:57:34','2023-01-10 07:58:12');

INSERT INTO apoteleitai VALUES ('A1','ΑΝΑΤΟΛΙΚΗ ΠΤΕΡΥΓΑ ΛΙΜΑΝΙΟΥ'),('A1','ΣΟΛΩΝΟΣ'),('A1','ΓΕΝΙΚΗ ΑΣΤΥΝΟΜΙΚΗ ΔΙΕΥΘΥΝΣΗ'),('A1','ΚΕΝΤΡΟ'),('A1','ΓΕΝΙΚΟ ΝΟΣΟΚΟΜΕΙΟ'),('A1','ΤΑΤΟΙΟΥ'),('A1','ΠΟΛΥΤΕΧΝΕΙΟΥΠΟΛΗ'),
('A2','ΑΝΑΤΟΛΙΚΗ ΠΤΕΡΥΓΑ ΛΙΜΑΝΙΟΥ'),('A2','ΣΟΛΩΝΟΣ'),('A2','ΓΕΝΙΚΗ ΑΣΤΥΝΟΜΙΚΗ ΔΙΕΥΘΥΝΣΗ'),('A2','ΚΕΝΤΡΟ'),('A2','ΓΕΝΙΚΟ ΝΟΣΟΚΟΜΕΙΟ'),('A2','ΤΑΤΟΙΟΥ'),('A2','ΠΟΛΥΤΕΧΝΕΙΟΥΠΟΛΗ'),
('A3','ΑΝΑΤΟΛΙΚΗ ΠΤΕΡΥΓΑ ΛΙΜΑΝΙΟΥ'),('A3','ΣΟΛΩΝΟΣ'),('A3','ΓΕΝΙΚΗ ΑΣΤΥΝΟΜΙΚΗ ΔΙΕΥΘΥΝΣΗ'),('A3','ΚΕΝΤΡΟ'),('A3','ΓΕΝΙΚΟ ΝΟΣΟΚΟΜΕΙΟ'),('A3','ΤΑΤΟΙΟΥ'),('A3','ΠΟΛΥΤΕΧΝΕΙΟΥΠΟΛΗ'),
('A4','ΑΝΑΤΟΛΙΚΗ ΠΤΕΡΥΓΑ ΛΙΜΑΝΙΟΥ'),('A4','ΣΟΛΩΝΟΣ'),('A4','ΓΕΝΙΚΗ ΑΣΤΥΝΟΜΙΚΗ ΔΙΕΥΘΥΝΣΗ'),('A4','ΚΕΝΤΡΟ'),('A4','ΓΕΝΙΚΟ ΝΟΣΟΚΟΜΕΙΟ'),('A4','ΤΑΤΟΙΟΥ'),('A4','ΠΟΛΥΤΕΧΝΕΙΟΥΠΟΛΗ'),
('A5','ΑΝΑΤΟΛΙΚΗ ΠΤΕΡΥΓΑ ΛΙΜΑΝΙΟΥ'),('A5','ΣΟΛΩΝΟΣ'),('A5','ΓΕΝΙΚΗ ΑΣΤΥΝΟΜΙΚΗ ΔΙΕΥΘΥΝΣΗ'),('A5','ΚΕΝΤΡΟ'),('A5','ΓΕΝΙΚΟ ΝΟΣΟΚΟΜΕΙΟ'),('A5','ΤΑΤΟΙΟΥ'),('A5','ΠΟΛΥΤΕΧΝΕΙΟΥΠΟΛΗ'),
('A6','ΑΝΑΤΟΛΙΚΗ ΠΤΕΡΥΓΑ ΛΙΜΑΝΙΟΥ'),('A6','ΣΟΛΩΝΟΣ'),('A6','ΓΕΝΙΚΗ ΑΣΤΥΝΟΜΙΚΗ ΔΙΕΥΘΥΝΣΗ'),('A6','ΚΕΝΤΡΟ'),('A6','ΓΕΝΙΚΟ ΝΟΣΟΚΟΜΕΙΟ'),('A6','ΤΑΤΟΙΟΥ'),('A6','ΠΟΛΥΤΕΧΝΕΙΟΥΠΟΛΗ'),
('B1','ΑΓΙΟΥ ΝΙΚΟΛΑΟΥ'),('B1','ΔΙΚΑΣΤΗΡΙΑ'),('B1','ΚΕΝΤΡΟ'),('B1','ΑΘΗΝΩΝ'),('B1','ΜΥΚΑΛΗΣ'),('B1','ΠΟΛΙΤΙΣΤΙΚΟ ΚΕΝΤΡΟ'),('B1','ΠΡΥΤΑΝΕΙΑ'),('B1','ΙΑΤΡΙΚΗ'),('B1','ΠΟΛΥΤΕΧΝΕΙΟΥΠΟΛΗ'),
('B2','ΑΓΙΟΥ ΝΙΚΟΛΑΟΥ'),('B2','ΔΙΚΑΣΤΗΡΙΑ'),('B2','ΚΕΝΤΡΟ'),('B2','ΑΘΗΝΩΝ'),('B2','ΜΥΚΑΛΗΣ'),('B2','ΠΟΛΙΤΙΣΤΙΚΟ ΚΕΝΤΡΟ'),('B2','ΠΡΥΤΑΝΕΙΑ'),('B2','ΙΑΤΡΙΚΗ'),('B2','ΠΟΛΥΤΕΧΝΕΙΟΥΠΟΛΗ'),
('B3','ΑΓΙΟΥ ΝΙΚΟΛΑΟΥ'),('B3','ΔΙΚΑΣΤΗΡΙΑ'),('B3','ΚΕΝΤΡΟ'),('B3','ΑΘΗΝΩΝ'),('B3','ΜΥΚΑΛΗΣ'),('B3','ΠΟΛΙΤΙΣΤΙΚΟ ΚΕΝΤΡΟ'),('B3','ΠΡΥΤΑΝΕΙΑ'),('B3','ΙΑΤΡΙΚΗ'),('B3','ΠΟΛΥΤΕΧΝΕΙΟΥΠΟΛΗ'),
('B4','ΑΓΙΟΥ ΝΙΚΟΛΑΟΥ'),('B4','ΔΙΚΑΣΤΗΡΙΑ'),('B4','ΚΕΝΤΡΟ'),('B4','ΑΘΗΝΩΝ'),('B4','ΜΥΚΑΛΗΣ'),('B4','ΠΟΛΙΤΙΣΤΙΚΟ ΚΕΝΤΡΟ'),('B4','ΠΡΥΤΑΝΕΙΑ'),('B4','ΙΑΤΡΙΚΗ'),('B4','ΠΟΛΥΤΕΧΝΕΙΟΥΠΟΛΗ'),
('B5','ΑΓΙΟΥ ΝΙΚΟΛΑΟΥ'),('B5','ΔΙΚΑΣΤΗΡΙΑ'),('B5','ΚΕΝΤΡΟ'),('B5','ΑΘΗΝΩΝ'),('B5','ΜΥΚΑΛΗΣ'),('B5','ΠΟΛΙΤΙΣΤΙΚΟ ΚΕΝΤΡΟ'),('B5','ΠΡΥΤΑΝΕΙΑ'),('B5','ΙΑΤΡΙΚΗ'),('B5','ΠΟΛΥΤΕΧΝΕΙΟΥΠΟΛΗ'),
('B6','ΑΓΙΟΥ ΝΙΚΟΛΑΟΥ'),('B6','ΔΙΚΑΣΤΗΡΙΑ'),('B6','ΚΕΝΤΡΟ'),('B6','ΑΘΗΝΩΝ'),('B6','ΜΥΚΑΛΗΣ'),('B6','ΠΟΛΙΤΙΣΤΙΚΟ ΚΕΝΤΡΟ'),('B6','ΠΡΥΤΑΝΕΙΑ'),('B6','ΙΑΤΡΙΚΗ'),('B6','ΠΟΛΥΤΕΧΝΕΙΟΥΠΟΛΗ'),
('B7','ΑΓΙΟΥ ΝΙΚΟΛΑΟΥ'),('B7','ΔΙΚΑΣΤΗΡΙΑ'),('B7','ΚΕΝΤΡΟ'),('B7','ΑΘΗΝΩΝ'),('B7','ΜΥΚΑΛΗΣ'),('B7','ΠΟΛΙΤΙΣΤΙΚΟ ΚΕΝΤΡΟ'),('B7','ΠΡΥΤΑΝΕΙΑ'),('B7','ΙΑΤΡΙΚΗ'),('B7','ΠΟΛΥΤΕΧΝΕΙΟΥΠΟΛΗ'),
('B8','ΑΓΙΟΥ ΝΙΚΟΛΑΟΥ'),('B8','ΔΙΚΑΣΤΗΡΙΑ'),('B8','ΚΕΝΤΡΟ'),('B8','ΑΘΗΝΩΝ'),('B8','ΜΥΚΑΛΗΣ'),('B8','ΠΟΛΙΤΙΣΤΙΚΟ ΚΕΝΤΡΟ'),('B8','ΠΡΥΤΑΝΕΙΑ'),('B8','ΙΑΤΡΙΚΗ'),('B8','ΠΟΛΥΤΕΧΝΕΙΟΥΠΟΛΗ'),
("C1","ΔΥΤΙΚΗ ΠΤΕΡΥΓΑ ΛΙΜΑΝΙΟΥ"),("C1","ΝΑΥΤΕΜΠΟΡΙΚΗ"),("C1","ΕΡΓΑΤΙΚΕΣ ΚΑΤΟΙΚΙΕΣ"),("C1","ΚΕΝΤΡΟ"),("C1","ΔΙΟΝΥΣΙΟΥ ΣΟΛΩΜΟΥ"),("C1","ΜΥΚΑΛΗΣ"),("C1","ΠΟΛΙΤΙΣΤΙΚΟ ΚΕΝΤΡΟ"),("C1","ΠΡΥΤΑΝΕΙΑ"),
("C2","ΔΥΤΙΚΗ ΠΤΕΡΥΓΑ ΛΙΜΑΝΙΟΥ"),("C2","ΝΑΥΤΕΜΠΟΡΙΚΗ"),("C2","ΕΡΓΑΤΙΚΕΣ ΚΑΤΟΙΚΙΕΣ"),("C2","ΚΕΝΤΡΟ"),("C2","ΔΙΟΝΥΣΙΟΥ ΣΟΛΩΜΟΥ"),("C2","ΜΥΚΑΛΗΣ"),("C2","ΠΟΛΙΤΙΣΤΙΚΟ ΚΕΝΤΡΟ"),("C2","ΠΡΥΤΑΝΕΙΑ"),
("C3","ΔΥΤΙΚΗ ΠΤΕΡΥΓΑ ΛΙΜΑΝΙΟΥ"),("C3","ΝΑΥΤΕΜΠΟΡΙΚΗ"),("C3","ΕΡΓΑΤΙΚΕΣ ΚΑΤΟΙΚΙΕΣ"),("C3","ΚΕΝΤΡΟ"),("C3","ΔΙΟΝΥΣΙΟΥ ΣΟΛΩΜΟΥ"),("C3","ΜΥΚΑΛΗΣ"),("C3","ΠΟΛΙΤΙΣΤΙΚΟ ΚΕΝΤΡΟ"),("C3","ΠΡΥΤΑΝΕΙΑ"),
("C4","ΔΥΤΙΚΗ ΠΤΕΡΥΓΑ ΛΙΜΑΝΙΟΥ"),("C4","ΝΑΥΤΕΜΠΟΡΙΚΗ"),("C4","ΕΡΓΑΤΙΚΕΣ ΚΑΤΟΙΚΙΕΣ"),("C4","ΚΕΝΤΡΟ"),("C4","ΔΙΟΝΥΣΙΟΥ ΣΟΛΩΜΟΥ"),("C4","ΜΥΚΑΛΗΣ"),("C4","ΠΟΛΙΤΙΣΤΙΚΟ ΚΕΝΤΡΟ"),("C4","ΠΡΥΤΑΝΕΙΑ"),
("C5","ΔΥΤΙΚΗ ΠΤΕΡΥΓΑ ΛΙΜΑΝΙΟΥ"),("C5","ΝΑΥΤΕΜΠΟΡΙΚΗ"),("C5","ΕΡΓΑΤΙΚΕΣ ΚΑΤΟΙΚΙΕΣ"),("C5","ΚΕΝΤΡΟ"),("C5","ΔΙΟΝΥΣΙΟΥ ΣΟΛΩΜΟΥ"),("C5","ΜΥΚΑΛΗΣ"),("C5","ΠΟΛΙΤΙΣΤΙΚΟ ΚΕΝΤΡΟ"),("C5","ΠΡΥΤΑΝΕΙΑ"),
("C6","ΔΥΤΙΚΗ ΠΤΕΡΥΓΑ ΛΙΜΑΝΙΟΥ"),("C6","ΝΑΥΤΕΜΠΟΡΙΚΗ"),("C6","ΕΡΓΑΤΙΚΕΣ ΚΑΤΟΙΚΙΕΣ"),("C6","ΚΕΝΤΡΟ"),("C6","ΔΙΟΝΥΣΙΟΥ ΣΟΛΩΜΟΥ"),("C6","ΜΥΚΑΛΗΣ"),("C6","ΠΟΛΙΤΙΣΤΙΚΟ ΚΕΝΤΡΟ"),("C6","ΠΡΥΤΑΝΕΙΑ");

INSERT INTO anamenetai VALUES ("2023-01-10 07:00:00",1,'ΑΝΑΤΟΛΙΚΗ ΠΤΕΡΥΓΑ ΛΙΜΑΝΙΟΥ',0),("2023-01-10 07:05:00",1,'ΣΟΛΩΝΟΣ',0),("2023-01-10 07:11:00",1,'ΓΕΝΙΚΗ ΑΣΤΥΝΟΜΙΚΗ ΔΙΕΥΘΥΝΣΗ',0),("2023-01-10 07:15:00",1,'ΚΕΝΤΡΟ',0),
("2023-01-10 07:18:00",1,'ΓΕΝΙΚΟ ΝΟΣΟΚΟΜΕΙΟ',0),("2023-01-10 07:22:00",1,'ΤΑΤΟΙΟΥ',0),("2023-01-10 07:26:00",1,'ΠΟΛΥΤΕΧΝΕΙΟΥΠΟΛΗ',0),("2023-01-10 07:30:00",1,'ΤΑΤΟΙΟΥ',1),("2023-01-10 07:34:00",1,'ΓΕΝΙΚΟ ΝΟΣΟΚΟΜΕΙΟ',1),
("2023-01-10 07:37:00",1,'ΚΕΝΤΡΟ',1),("2023-01-10 07:41:00",1,'ΓΕΝΙΚΗ ΑΣΤΥΝΟΜΙΚΗ ΔΙΕΥΘΥΝΣΗ',1),("2023-01-10 07:47:00",1,'ΣΟΛΩΝΟΣ',1),("2023-01-10 07:52:00",1,'ΑΝΑΤΟΛΙΚΗ ΠΤΕΡΥΓΑ ΛΙΜΑΝΙΟΥ',1),
("2023-01-10 09:00:00",2,'ΑΝΑΤΟΛΙΚΗ ΠΤΕΡΥΓΑ ΛΙΜΑΝΙΟΥ',0),("2023-01-10 09:05:00",2,'ΣΟΛΩΝΟΣ',0),("2023-01-10 09:11:00",2,'ΓΕΝΙΚΗ ΑΣΤΥΝΟΜΙΚΗ ΔΙΕΥΘΥΝΣΗ',0),("2023-01-10 09:15:00",2,'ΚΕΝΤΡΟ',0),
("2023-01-10 09:18:00",2,'ΓΕΝΙΚΟ ΝΟΣΟΚΟΜΕΙΟ',0),("2023-01-10 09:22:00",2,'ΤΑΤΟΙΟΥ',0),("2023-01-10 09:26:00",2,'ΠΟΛΥΤΕΧΝΕΙΟΥΠΟΛΗ',0),("2023-01-10 09:30:00",2,'ΤΑΤΟΙΟΥ',1),("2023-01-10 09:34:00",2,'ΓΕΝΙΚΟ ΝΟΣΟΚΟΜΕΙΟ',1),
("2023-01-10 09:37:00",2,'ΚΕΝΤΡΟ',1),("2023-01-10 09:41:00",2,'ΓΕΝΙΚΗ ΑΣΤΥΝΟΜΙΚΗ ΔΙΕΥΘΥΝΣΗ',1),("2023-01-10 09:47:00",2,'ΣΟΛΩΝΟΣ',1),("2023-01-10 09:52:00",2,'ΑΝΑΤΟΛΙΚΗ ΠΤΕΡΥΓΑ ΛΙΜΑΝΙΟΥ',1),
("2023-01-10 11:00:00",3,'ΑΝΑΤΟΛΙΚΗ ΠΤΕΡΥΓΑ ΛΙΜΑΝΙΟΥ',0),("2023-01-10 11:05:00",3,'ΣΟΛΩΝΟΣ',0),("2023-01-10 11:11:00",3,'ΓΕΝΙΚΗ ΑΣΤΥΝΟΜΙΚΗ ΔΙΕΥΘΥΝΣΗ',0),("2023-01-10 11:15:00",3,'ΚΕΝΤΡΟ',0),
("2023-01-10 11:18:00",3,'ΓΕΝΙΚΟ ΝΟΣΟΚΟΜΕΙΟ',0),("2023-01-10 11:22:00",3,'ΤΑΤΟΙΟΥ',0),("2023-01-10 11:26:00",3,'ΠΟΛΥΤΕΧΝΕΙΟΥΠΟΛΗ',0),("2023-01-10 11:30:00",3,'ΤΑΤΟΙΟΥ',1),("2023-01-10 11:34:00",3,'ΓΕΝΙΚΟ ΝΟΣΟΚΟΜΕΙΟ',1),
("2023-01-10 11:37:00",3,'ΚΕΝΤΡΟ',1),("2023-01-10 11:41:00",3,'ΓΕΝΙΚΗ ΑΣΤΥΝΟΜΙΚΗ ΔΙΕΥΘΥΝΣΗ',1),("2023-01-10 11:47:00",3,'ΣΟΛΩΝΟΣ',1),("2023-01-10 11:52:00",3,'ΑΝΑΤΟΛΙΚΗ ΠΤΕΡΥΓΑ ΛΙΜΑΝΙΟΥ',1),
("2023-01-10 15:00:00",1,'ΑΝΑΤΟΛΙΚΗ ΠΤΕΡΥΓΑ ΛΙΜΑΝΙΟΥ',0),("2023-01-10 15:05:00",1,'ΣΟΛΩΝΟΣ',0),("2023-01-10 15:11:00",1,'ΓΕΝΙΚΗ ΑΣΤΥΝΟΜΙΚΗ ΔΙΕΥΘΥΝΣΗ',0),("2023-01-10 15:15:00",1,'ΚΕΝΤΡΟ',0),
("2023-01-10 15:18:00",1,'ΓΕΝΙΚΟ ΝΟΣΟΚΟΜΕΙΟ',0),("2023-01-10 15:22:00",1,'ΤΑΤΟΙΟΥ',0),("2023-01-10 15:26:00",1,'ΠΟΛΥΤΕΧΝΕΙΟΥΠΟΛΗ',0),("2023-01-10 15:30:00",1,'ΤΑΤΟΙΟΥ',1),("2023-01-10 15:34:00",1,'ΓΕΝΙΚΟ ΝΟΣΟΚΟΜΕΙΟ',1),
("2023-01-10 15:37:00",1,'ΚΕΝΤΡΟ',1),("2023-01-10 15:41:00",1,'ΓΕΝΙΚΗ ΑΣΤΥΝΟΜΙΚΗ ΔΙΕΥΘΥΝΣΗ',1),("2023-01-10 15:47:00",1,'ΣΟΛΩΝΟΣ',1),("2023-01-10 15:52:00",1,'ΑΝΑΤΟΛΙΚΗ ΠΤΕΡΥΓΑ ΛΙΜΑΝΙΟΥ',1),
("2023-01-10 17:00:00",2,'ΑΝΑΤΟΛΙΚΗ ΠΤΕΡΥΓΑ ΛΙΜΑΝΙΟΥ',0),("2023-01-10 17:05:00",2,'ΣΟΛΩΝΟΣ',0),("2023-01-10 17:11:00",2,'ΓΕΝΙΚΗ ΑΣΤΥΝΟΜΙΚΗ ΔΙΕΥΘΥΝΣΗ',0),("2023-01-10 17:15:00",2,'ΚΕΝΤΡΟ',0),
("2023-01-10 17:18:00",2,'ΓΕΝΙΚΟ ΝΟΣΟΚΟΜΕΙΟ',0),("2023-01-10 17:22:00",2,'ΤΑΤΟΙΟΥ',0),("2023-01-10 17:26:00",2,'ΠΟΛΥΤΕΧΝΕΙΟΥΠΟΛΗ',0),("2023-01-10 17:30:00",2,'ΤΑΤΟΙΟΥ',1),("2023-01-10 17:34:00",2,'ΓΕΝΙΚΟ ΝΟΣΟΚΟΜΕΙΟ',1),
("2023-01-10 17:37:00",2,'ΚΕΝΤΡΟ',1),("2023-01-10 17:41:00",2,'ΓΕΝΙΚΗ ΑΣΤΥΝΟΜΙΚΗ ΔΙΕΥΘΥΝΣΗ',1),("2023-01-10 17:47:00",2,'ΣΟΛΩΝΟΣ',1),("2023-01-10 17:52:00",2,'ΑΝΑΤΟΛΙΚΗ ΠΤΕΡΥΓΑ ΛΙΜΑΝΙΟΥ',1),
("2023-01-10 19:00:00",3,'ΑΝΑΤΟΛΙΚΗ ΠΤΕΡΥΓΑ ΛΙΜΑΝΙΟΥ',0),("2023-01-10 19:05:00",3,'ΣΟΛΩΝΟΣ',0),("2023-01-10 11:19:00",3,'ΓΕΝΙΚΗ ΑΣΤΥΝΟΜΙΚΗ ΔΙΕΥΘΥΝΣΗ',0),("2023-01-10 19:15:00",3,'ΚΕΝΤΡΟ',0),
("2023-01-10 19:18:00",3,'ΓΕΝΙΚΟ ΝΟΣΟΚΟΜΕΙΟ',0),("2023-01-10 19:22:00",3,'ΤΑΤΟΙΟΥ',0),("2023-01-10 19:26:00",3,'ΠΟΛΥΤΕΧΝΕΙΟΥΠΟΛΗ',0),("2023-01-10 19:30:00",3,'ΤΑΤΟΙΟΥ',1),("2023-01-10 19:34:00",3,'ΓΕΝΙΚΟ ΝΟΣΟΚΟΜΕΙΟ',1),
("2023-01-10 19:37:00",3,'ΚΕΝΤΡΟ',1),("2023-01-10 19:41:00",3,'ΓΕΝΙΚΗ ΑΣΤΥΝΟΜΙΚΗ ΔΙΕΥΘΥΝΣΗ',1),("2023-01-10 19:47:00",3,'ΣΟΛΩΝΟΣ',1),("2023-01-10 19:52:00",3,'ΑΝΑΤΟΛΙΚΗ ΠΤΕΡΥΓΑ ΛΙΜΑΝΙΟΥ',1);

INSERT INTO akoloythei VALUES (5,'ΑΝΑΤΟΛΙΚΗ ΠΤΕΡΥΓΑ ΛΙΜΑΝΙΟΥ','ΣΟΛΩΝΟΣ'),(6,'ΣΟΛΩΝΟΣ','ΓΕΝΙΚΗ ΑΣΤΥΝΟΜΙΚΗ ΔΙΕΥΘΥΝΣΗ'),(4,'ΓΕΝΙΚΗ ΑΣΤΥΝΟΜΙΚΗ ΔΙΕΥΘΥΝΣΗ','ΚΕΝΤΡΟ'),(3,'ΚΕΝΤΡΟ','ΓΕΝΙΚΟ ΝΟΣΟΚΟΜΕΙΟ'),(4,'ΓΕΝΙΚΟ ΝΟΣΟΚΟΜΕΙΟ','ΤΑΤΟΙΟΥ'),(4,'ΤΑΤΟΙΟΥ','ΠΟΛΥΤΕΧΝΕΙΟΥΠΟΛΗ'),
(4,'ΠΟΛΥΤΕΧΝΕΙΟΥΠΟΛΗ','ΤΑΤΟΙΟΥ'),(4,'ΤΑΤΟΙΟΥ','ΓΕΝΙΚΟ ΝΟΣΟΚΟΜΕΙΟ'),(3,'ΓΕΝΙΚΟ ΝΟΣΟΚΟΜΕΙΟ','ΚΕΝΤΡΟ'),(4,'ΚΕΝΤΡΟ','ΓΕΝΙΚΗ ΑΣΤΥΝΟΜΙΚΗ ΔΙΕΥΘΥΝΣΗ'),(6,'ΓΕΝΙΚΗ ΑΣΤΥΝΟΜΙΚΗ ΔΙΕΥΘΥΝΣΗ','ΣΟΛΩΝΟΣ'),(5,'ΣΟΛΩΝΟΣ','ΑΝΑΤΟΛΙΚΗ ΠΤΕΡΥΓΑ ΛΙΜΑΝΙΟΥ'),
(2,'ΑΓΙΟΥ ΝΙΚΟΛΑΟΥ','ΔΙΚΑΣΤΗΡΙΑ'),(7,'ΔΙΚΑΣΤΗΡΙΑ','ΚΕΝΤΡΟ'),(5,'ΚΕΝΤΡΟ','ΑΘΗΝΩΝ'),(3,'ΑΘΗΝΩΝ','ΜΥΚΑΛΗΣ'),(2,'ΜΥΚΑΛΗΣ','ΠΟΛΙΤΙΣΤΙΚΟ ΚΕΝΤΡΟ'),(4,'ΠΟΛΙΤΙΣΤΙΚΟ ΚΕΝΤΡΟ','ΠΡΥΤΑΝΕΙΑ'),(1,'ΠΡΥΤΑΝΕΙΑ','ΙΑΤΡΙΚΗ'),(1,'ΙΑΤΡΙΚΗ','ΠΟΛΥΤΕΧΝΕΙΟΥΠΟΛΗ'),
(2,'ΔΙΚΑΣΤΗΡΙΑ','ΑΓΙΟΥ ΝΙΚΟΛΑΟΥ'),(7,'ΚΕΝΤΡΟ','ΔΙΚΑΣΤΗΡΙΑ'),(5,'ΑΘΗΝΩΝ','ΚΕΝΤΡΟ'),(3,'ΜΥΚΑΛΗΣ','ΑΘΗΝΩΝ'),(2,'ΠΟΛΙΤΙΣΤΙΚΟ ΚΕΝΤΡΟ','ΜΥΚΑΛΗΣ'),(4,'ΠΡΥΤΑΝΕΙΑ','ΠΟΛΙΤΙΣΤΙΚΟ ΚΕΝΤΡΟ'),(1,'ΙΑΤΡΙΚΗ','ΠΡΥΤΑΝΕΙΑ'),(1,'ΠΟΛΥΤΕΧΝΕΙΟΥΠΟΛΗ','ΙΑΤΡΙΚΗ'),
(2,'ΔΥΤΙΚΗ ΠΤΕΡΥΓΑ ΛΙΜΑΝΙΟΥ','ΝΑΥΤΕΜΠΟΡΙΚΗ'),(3,'ΝΑΥΤΕΜΠΟΡΙΚΗ','ΕΡΓΑΤΙΚΕΣ ΚΑΤΟΙΚΙΕΣ'),(6,'ΕΡΓΑΤΙΚΕΣ ΚΑΤΟΙΚΙΕΣ','ΚΕΝΤΡΟ'),(3,'ΚΕΝΤΡΟ','ΔΙΟΝΥΣΙΟΥ ΣΟΛΩΜΟΥ'),(4,'ΔΙΟΝΥΣΙΟΥ ΣΟΛΩΜΟΥ','ΜΥΚΑΛΗΣ'),
(2,'ΝΑΥΤΕΜΠΟΡΙΚΗ','ΔΥΤΙΚΗ ΠΤΕΡΥΓΑ ΛΙΜΑΝΙΟΥ'),(3,'ΕΡΓΑΤΙΚΕΣ ΚΑΤΟΙΚΙΕΣ','ΝΑΥΤΕΜΠΟΡΙΚΗ'),(6,'ΚΕΝΤΡΟ','ΕΡΓΑΤΙΚΕΣ ΚΑΤΟΙΚΙΕΣ'),(3,'ΔΙΟΝΥΣΙΟΥ ΣΟΛΩΜΟΥ','ΚΕΝΤΡΟ'),(4,'ΜΥΚΑΛΗΣ','ΔΙΟΝΥΣΙΟΥ ΣΟΛΩΜΟΥ');
